Season,team,squad_size,squad_price_total,squad_price_top11,bench_price,squad_ppg,gk_price,def_price,mid_price,fwd_price
2024-25,Arsenal,37,149.0,79.5,47.5,4.181818181818182,5.5,6.0,7.9,7.5
2024-25,Aston Villa,44,175.5,68.0,44.0,2.272727272727273,5.0,4.6,6.2,7.5
2024-25,Bournemouth,41,138.0,57.0,42.0,1.5454545454545454,4.5,4.6,5.3,5.0
2024-25,Brentford,40,147.5,62.5,41.5,2.727272727272727,4.5,4.5,5.6,6.5
2024-25,Brighton,52,187.0,62.5,45.0,2.909090909090909,4.5,4.6,6.1,5.5
2024-25,Chelsea,48,197.9,74.4,44.5,0.6363636363636364,4.5,4.8,7.3,6.5
2024-25,Crystal Palace,36,134.0,62.0,41.5,1.0909090909090908,4.5,4.8,5.7,6.75
2024-25,Everton,36,132.5,59.0,43.5,1.0909090909090908,5.0,4.8,5.4,5.666666666666667
2024-25,Fulham,32,135.5,58.5,42.0,1.6363636363636365,5.0,4.5,5.4,5.5
2024-25,Ipswich,40,145.0,59.0,42.0,0.8181818181818182,4.5,4.1,5.6,5.333333333333333
2024-25,Leicester,41,147.5,58.0,40.5,2.272727272727273,4.5,4.3,5.4,5.333333333333333
2024-25,Liverpool,35,160.5,80.0,45.5,5.636363636363637,5.5,5.8,8.1,7.5
2024-25,Man City,39,157.5,85.0,49.0,2.5454545454545454,5.5,5.6,7.7,11.0
2024-25,Man United,43,142.0,67.5,43.5,3.0,5.0,4.9,6.6,7.0
2024-25,Newcastle,35,169.5,70.5,43.0,2.0,5.0,5.0,6.5,6.833333333333333
2024-25,Nott'm Forest,35,146.0,60.5,41.0,2.3636363636363638,4.5,4.5,5.7,5.666666666666667
2024-25,Southampton,43,159.5,56.0,41.5,0.7272727272727273,4.5,4.3,5.1,5.166666666666667
2024-25,Tottenham,48,189.0,73.0,45.0,2.1818181818181817,5.0,4.9,7.4,6.5
2024-25,West Ham,33,138.0,65.5,42.0,1.8181818181818181,4.5,4.5,6.5,6.0
2024-25,Wolves,46,167.5,60.5,42.0,1.0909090909090908,4.5,4.5,5.7,5.666666666666667
2025-26,Arsenal,36,205.50000000000006,82.4,51.699999999999996,3.2181818181818183,6.0,5.9799999999999995,7.959999999999999,7.5
2025-26,Aston Villa,48,207.7,64.3,43.3,2.3181818181818183,5.1,4.5200000000000005,5.9399999999999995,6.5
2025-26,Bournemouth,45,186.8,60.3,42.1,2.3272727272727276,4.5,4.7,5.58,5.666666666666667
2025-26,Brentford,44,177.7,60.8,42.0,2.4727272727272727,4.5,4.64,5.819999999999999,5.75
2025-26,Brighton,47,210.10000000000002,62.69999999999999,44.199999999999996,2.281818181818182,4.4,4.4799999999999995,5.840000000000001,5.766666666666667
2025-26,Burnley,45,189.10000000000002,57.1,42.599999999999994,2.2545454545454544,4.3,4.16,5.32,5.166666666666667
2025-26,Chelsea,40,180.6,75.30000000000001,45.800000000000004,2.672727272727273,4.9,5.380000000000001,7.42,6.666666666666667
2025-26,Crystal Palace,44,191.5,66.1,44.0,3.3363636363636364,5.1,5.1,5.98,6.533333333333334
2025-26,Everton,37,173.20000000000005,61.5,43.9,2.890909090909091,5.5,5.040000000000001,5.84,5.2
2025-26,Fulham,31,141.10000000000002,61.099999999999994,42.1,2.6272727272727274,4.9,4.5600000000000005,5.719999999999999,5.3999999999999995
2025-26,Leeds,39,161.1,56.89999999999999,42.6,1.9363636363636365,4.5,4.139999999999999,5.3,5.2
2025-26,Liverpool,39,205.40000000000006,87.9,48.800000000000004,2.709090909090909,5.4,5.68,8.82,8.466666666666667
2025-26,Man City,38,207.0,84.2,50.4,3.6727272727272724,5.7,5.6,7.62,15.0
2025-26,Man United,44,202.3,75.3,43.3,2.663636363636364,5.1,4.720000000000001,7.739999999999999,6.433333333333334
2025-26,Newcastle,39,187.8,70.0,45.5,2.972727272727273,5.1,5.12,6.659999999999999,6.733333333333334
2025-26,Nott'm Forest,42,182.7,64.8,44.6,2.4454545454545458,4.7,4.92,5.959999999999999,6.333333333333333
2025-26,Sunderland,52,203.1,57.49999999999999,42.4,2.2363636363636363,4.7,4.36,5.279999999999999,5.433333333333334
2025-26,Tottenham,45,204.20000000000002,72.30000000000001,46.199999999999996,1.936363636363636,4.9,4.779999999999999,6.94,6.833333333333333
2025-26,West Ham,41,169.2,61.39999999999999,40.800000000000004,2.2545454545454544,4.5,4.36,5.540000000000001,6.3
2025-26,Wolves,45,165.5,57.8,40.6,1.5,4.5,4.44,5.42,5.066666666666667
2026-27,Arsenal,29,179.10000000000002,79.30000000000001,52.5,3.8181818181818183,6.0,6.32,7.4,6.966666666666666
2026-27,Aston Villa,35,160.9,64.9,43.5,0.18181818181818182,5.0,4.5,5.8,6.633333333333333
2026-27,Bournemouth,29,150.0,65.5,45.0,2.090909090909091,4.5,5.2,6.4,5.833333333333333
2026-27,Brentford,26,130.7,64.6,43.6,4.090909090909091,5.0,4.82,5.92,6.0
2026-27,Brighton,35,165.1,62.0,45.0,2.909090909090909,4.5,4.92,5.8,5.666666666666667
2026-27,Chelsea,33,179.6,72.1,46.5,3.727272727272727,5.0,5.5,7.2,6.2
2026-27,Coventry,35,158.5,58.0,43.0,0.7272727272727273,4.5,4.1,5.4,5.333333333333333
2026-27,Crystal Palace,36,160.4,61.4,45.0,1.3636363636363635,5.0,4.8,5.68,6.0
2026-27,Everton,24,122.0,64.0,45.0,3.6363636363636362,5.5,5.2,6.1,5.5
2026-27,Fulham,28,117.0,59.5,41.0,2.1818181818181817,4.5,4.6,5.5,5.333333333333333
2026-27,Hull,43,165.5,55.5,41.0,1.0,4.5,4.0,5.0,4.833333333333333
2026-27,Ipswich,36,159.5,58.0,43.5,3.090909090909091,4.5,4.0,5.5,5.166666666666667
2026-27,Leeds,31,135.5,61.0,43.5,3.8181818181818183,5.0,4.7,5.9,5.5
2026-27,Liverpool,36,189.0,74.0,48.0,3.6363636363636362,5.5,5.6,6.8,7.0
2026-27,Man City,32,177.9,84.4,50.5,2.4545454545454546,5.5,5.9,7.5,15.5
2026-27,Man United,34,184.4,76.4,45.0,1.0,5.0,5.0,8.2,5.666666666666667
2026-27,Newcastle,29,144.5,63.5,45.0,2.272727272727273,5.0,5.0,5.9,6.0
2026-27,Nott'm Forest,30,154.5,64.5,46.5,1.3636363636363635,5.0,5.4,6.1,5.833333333333333
2026-27,Sunderland,30,137.0,59.5,43.5,1.5454545454545454,5.0,5.0,5.5,5.75
2026-27,Tottenham,40,206.4,69.0,48.5,0.9090909090909091,4.5,5.3,6.4,6.333333333333333
